{"gru_hit":0.2524840312,"trans_hit":0.250887154}